{
  "BaseSharedo": {
    "SystemName": "invoice",
    "SystemNamePath": "/invoice/",
    "ParentSystemName": null,
    "SharedoTypeSchemaSystemName": "invoice",
    "Name": "Invoice",
    "ShortName": "INV",
    "Description": "An invoice is a specialist sharedo type to facilitate the capture and processing of any payments to be received on a case.  An Invoice instance can be created manually or systematically.",
    "DefaultTitleTokenString": null,
    "IconClass": "fa-money",
    "TileColour": "#000000",
    "CategoryOptionSetSystemName": null,
    "SharedoFormId": null,
    "AllowsTimeEntry": false,
    "CanGenerateEmail": true,
    "RequiresHtmlSanitisation": true,
    "IsCoreCaseType": false,
    "EnableSecurityBarriers": false,
    "DefaultBillingCodeId": null,
    "GenerateBillingNotes": false,
    "BillingNotesGenerationTemplate": null,
    "TimeStartsOnBladeOpen": false,
    "TimeStopsOnBladeClose": false,
    "TimeRecordingBladeStackBehaviourId": null,
    "DefaultTimeCategory": null,
    "IsActive": true,
    "IsAbstract": true,
    "ViewCommand": "view-invoice",
    "OpenCommand": "open-invoice",
    "CreateCommand": "create-invoice"
  },
  "PhasePlan": {
    "SystemName": "invoice-phases",
    "SharedoTypeSystemName": "invoice",
    "Name": "Invoice phase model",
    "IsPrimaryState": true,
    "SystemClosedPhaseSystemName": "invoice-phases-system-closed",
    "GraphLayout": "<mxGraphModel><root><mxCell id=\"0\"/><mxCell id=\"1\" parent=\"0\"/><mxCell id=\"2\" style=\"shape=phaseModel.phase\" parent=\"1\" vertex=\"1\"><Object type=\"phase\" isDraft=\"0\" isNew=\"0\" systemName=\"invoice-awaiting-approval\" name=\"Awaiting Approval\" shortName=\"Awaiting Approval\" description=\"Payment has been received and we are awaiting approval from the case owner.\" iconClass=\"fa-calendar-check-o\" isStart=\"0\" isOpen=\"1\" isRemoved=\"0\" expectedDurationSeconds=\"0\" isReportable=\"0\" includeInLifecycleCalculations=\"1\" isSystemClosedPhase=\"0\" canDelete=\"1\" hasValidationErrors=\"0\" as=\"value\"><Object as=\"validation\"/></Object><mxGeometry x=\"350\" y=\"64.90234375\" width=\"250\" height=\"70\" as=\"geometry\"/></mxCell><mxCell id=\"3\" style=\"shape=phaseModel.phase\" parent=\"1\" vertex=\"1\"><Object type=\"phase\" isDraft=\"0\" isNew=\"0\" systemName=\"invoice-awaiting-payment\" name=\"Awaiting Payment\" shortName=\"Awaiting Payment\" description=\"Invoice has been submitted and we are awaiting payment.\" iconClass=\"fa-spinner\" isStart=\"0\" isOpen=\"1\" isRemoved=\"0\" expectedDurationSeconds=\"0\" isReportable=\"0\" includeInLifecycleCalculations=\"1\" isSystemClosedPhase=\"0\" canDelete=\"1\" hasValidationErrors=\"0\" as=\"value\"><Object as=\"validation\"/></Object><mxGeometry x=\"700\" width=\"250\" height=\"70\" as=\"geometry\"/></mxCell><mxCell id=\"4\" style=\"shape=phaseModel.phase\" parent=\"1\" vertex=\"1\"><Object type=\"phase\" isDraft=\"0\" isNew=\"0\" systemName=\"invoice-cancelled\" name=\"Cancelled\" shortName=\"Cancelled\" description=\"This represents an end state for the invoice whereby the invoice has been removed.\" iconClass=\"fa-times\" isStart=\"0\" isOpen=\"0\" isRemoved=\"1\" expectedDurationSeconds=\"0\" isReportable=\"0\" includeInLifecycleCalculations=\"1\" isSystemClosedPhase=\"0\" canDelete=\"1\" hasValidationErrors=\"0\" as=\"value\"><Object as=\"validation\"/></Object><mxGeometry x=\"1050\" y=\"100\" width=\"250\" height=\"70\" as=\"geometry\"/></mxCell><mxCell id=\"5\" style=\"shape=phaseModel.phase\" parent=\"1\" vertex=\"1\"><Object type=\"phase\" isDraft=\"0\" isNew=\"0\" systemName=\"invoice-draft\" name=\"Draft\" shortName=\"Draft\" description=\"This represents the initial phase for new invoice.\" iconClass=\"fa-edit\" isStart=\"1\" isOpen=\"1\" isRemoved=\"0\" expectedDurationSeconds=\"0\" isReportable=\"0\" includeInLifecycleCalculations=\"1\" isSystemClosedPhase=\"0\" canDelete=\"1\" hasValidationErrors=\"0\" as=\"value\"><Object as=\"validation\"/></Object><mxGeometry y=\"96.787109375\" width=\"250\" height=\"70\" as=\"geometry\"/></mxCell><mxCell id=\"6\" style=\"shape=phaseModel.phase\" parent=\"1\" vertex=\"1\"><Object type=\"phase\" isDraft=\"0\" isNew=\"0\" systemName=\"invoice-on-hold\" name=\"On Hold\" shortName=\"On Hold\" description=\"Invoice has been placed on hold.\" iconClass=\"fa-hand-paper\" isStart=\"0\" isOpen=\"1\" isRemoved=\"0\" expectedDurationSeconds=\"0\" isReportable=\"0\" includeInLifecycleCalculations=\"1\" isSystemClosedPhase=\"0\" canDelete=\"1\" hasValidationErrors=\"0\" as=\"value\"><Object as=\"validation\"/></Object><mxGeometry x=\"700\" y=\"100\" width=\"250\" height=\"70\" as=\"geometry\"/></mxCell><mxCell id=\"7\" style=\"shape=phaseModel.phase\" parent=\"1\" vertex=\"1\"><Object type=\"phase\" isDraft=\"0\" isNew=\"0\" systemName=\"invoice-payment-approved\" name=\"Paid (Payment Approved)\" shortName=\"Payment Approved\" description=\"Once the payment is approved the process ends.\" iconClass=\"fa-check-square\" isStart=\"0\" isOpen=\"0\" isRemoved=\"0\" expectedDurationSeconds=\"0\" isReportable=\"0\" includeInLifecycleCalculations=\"1\" isSystemClosedPhase=\"0\" canDelete=\"1\" hasValidationErrors=\"0\" as=\"value\"><Object as=\"validation\"/></Object><mxGeometry x=\"1050\" width=\"250\" height=\"70\" as=\"geometry\"/></mxCell><mxCell id=\"8\" style=\"shape=phaseModel.phase\" parent=\"1\" vertex=\"1\"><Object type=\"phase\" isDraft=\"0\" isNew=\"0\" systemName=\"invoice-phases-system-closed\" name=\"System Closed\" shortName=\"System Closed\" description=\"Automatically closed by system\" iconClass=\"fa-folder\" isStart=\"0\" isOpen=\"0\" isRemoved=\"0\" isReportable=\"1\" includeInLifecycleCalculations=\"1\" isSystemClosedPhase=\"1\" canDelete=\"1\" hasValidationErrors=\"0\" as=\"value\"><Object as=\"validation\"/></Object><mxGeometry y=\"260\" width=\"250\" height=\"70\" as=\"geometry\"/></mxCell><mxCell id=\"9\" style=\"strokeColor=#BADA55;noEdgeStyle=1;orthogonal=1;\" parent=\"1\" source=\"2\" target=\"3\" edge=\"1\"><Object type=\"transition\" isDraft=\"0\" systemName=\"invoice-awaiting-approval-awaiting-payment\" name=\"Approved\" fromPhaseSystemName=\"invoice-awaiting-approval\" toPhaseSystemName=\"invoice-awaiting-payment\" transitionWaitTimeSeconds=\"0\" isOptimumPath=\"1\" isUserDriven=\"1\" closeUI=\"1\" alwaysShowPhaseChangeInformation=\"0\" reasonIsMandatory=\"0\" existsInDatabase=\"1\" hasValidationErrors=\"0\" as=\"value\"><Array as=\"dataQualityGuards\"/><Array as=\"phaseTransitionGuards\"/><Object as=\"validation\"/></Object><mxGeometry relative=\"1\" as=\"geometry\"><Array as=\"points\"><mxPoint x=\"612\" y=\"79.90234375\"/><mxPoint x=\"688\" y=\"35\"/></Array></mxGeometry></mxCell><mxCell id=\"10\" style=\"noEdgeStyle=1;orthogonal=1;\" parent=\"1\" source=\"2\" target=\"6\" edge=\"1\"><Object type=\"transition\" isDraft=\"0\" systemName=\"invoice-awaiting-approval-on-hold\" name=\"Rejected\" fromPhaseSystemName=\"invoice-awaiting-approval\" toPhaseSystemName=\"invoice-on-hold\" transitionWaitTimeSeconds=\"0\" isOptimumPath=\"0\" isUserDriven=\"0\" closeUI=\"0\" alwaysShowPhaseChangeInformation=\"0\" reasonIsMandatory=\"0\" existsInDatabase=\"1\" hasValidationErrors=\"0\" as=\"value\"><Array as=\"dataQualityGuards\"/><Array as=\"phaseTransitionGuards\"/><Object as=\"validation\"/></Object><mxGeometry relative=\"1\" as=\"geometry\"><Array as=\"points\"><mxPoint x=\"614\" y=\"99.90234375\"/><mxPoint x=\"688\" y=\"120\"/></Array></mxGeometry></mxCell><mxCell id=\"11\" style=\"noEdgeStyle=1;orthogonal=1;\" parent=\"1\" source=\"3\" target=\"4\" edge=\"1\"><Object type=\"transition\" isDraft=\"0\" systemName=\"invoice-awaiting-payment-cancel\" name=\"Cancel\" fromPhaseSystemName=\"invoice-awaiting-payment\" toPhaseSystemName=\"invoice-cancelled\" transitionWaitTimeSeconds=\"0\" isOptimumPath=\"0\" isUserDriven=\"1\" reasonOptionSetName=\"invoice-cancellation-reasons\" closeUI=\"1\" alwaysShowPhaseChangeInformation=\"1\" reasonIsMandatory=\"0\" existsInDatabase=\"1\" hasValidationErrors=\"0\" as=\"value\"><Array as=\"dataQualityGuards\"/><Array as=\"phaseTransitionGuards\"/><Object as=\"validation\"/></Object><mxGeometry relative=\"1\" as=\"geometry\"><Array as=\"points\"><mxPoint x=\"962\" y=\"50\"/><mxPoint x=\"1038\" y=\"120\"/></Array></mxGeometry></mxCell><mxCell id=\"12\" style=\"strokeColor=#BADA55;noEdgeStyle=1;orthogonal=1;\" parent=\"1\" source=\"3\" target=\"7\" edge=\"1\"><Object type=\"transition\" isDraft=\"0\" systemName=\"invoice-awaiting-payment-payment-approved\" name=\"Approved\" fromPhaseSystemName=\"invoice-awaiting-payment\" toPhaseSystemName=\"invoice-payment-approved\" transitionWaitTimeSeconds=\"0\" isOptimumPath=\"1\" isUserDriven=\"0\" closeUI=\"1\" alwaysShowPhaseChangeInformation=\"0\" reasonIsMandatory=\"0\" existsInDatabase=\"1\" hasValidationErrors=\"0\" as=\"value\"><Array as=\"dataQualityGuards\"/><Array as=\"phaseTransitionGuards\"/><Object as=\"validation\"/></Object><mxGeometry relative=\"1\" as=\"geometry\"><Array as=\"points\"><mxPoint x=\"962\" y=\"20\"/><mxPoint x=\"1038\" y=\"35\"/></Array></mxGeometry></mxCell><mxCell id=\"14\" style=\"noEdgeStyle=1;orthogonal=1;\" parent=\"1\" source=\"5\" target=\"4\" edge=\"1\"><Object type=\"transition\" isDraft=\"0\" systemName=\"invoice-draft-cancelled\" name=\"Cancel\" fromPhaseSystemName=\"invoice-draft\" toPhaseSystemName=\"invoice-cancelled\" transitionWaitTimeSeconds=\"0\" isOptimumPath=\"0\" isUserDriven=\"1\" reasonOptionSetName=\"invoice-cancellation-reasons\" closeUI=\"1\" alwaysShowPhaseChangeInformation=\"1\" reasonIsMandatory=\"0\" existsInDatabase=\"1\" hasValidationErrors=\"0\" as=\"value\"><Array as=\"dataQualityGuards\"/><Array as=\"phaseTransitionGuards\"/><Object as=\"validation\"/></Object><mxGeometry relative=\"1\" as=\"geometry\"><Array as=\"points\"><mxPoint x=\"262\" y=\"146.787109375\"/><mxPoint x=\"300\" y=\"200\"/><mxPoint x=\"650\" y=\"200\"/><mxPoint x=\"650\" y=\"200\"/><mxPoint x=\"1000\" y=\"200\"/><mxPoint x=\"1038\" y=\"150\"/></Array></mxGeometry></mxCell><mxCell id=\"15\" style=\"noEdgeStyle=1;orthogonal=1;\" parent=\"1\" source=\"6\" target=\"2\" edge=\"1\"><Object type=\"transition\" isDraft=\"0\" systemName=\"invoice-on-hold-awaiting-payment\" name=\"Submit\" fromPhaseSystemName=\"invoice-on-hold\" toPhaseSystemName=\"invoice-awaiting-approval\" transitionWaitTimeSeconds=\"0\" isOptimumPath=\"0\" isUserDriven=\"1\" closeUI=\"1\" alwaysShowPhaseChangeInformation=\"0\" reasonIsMandatory=\"0\" existsInDatabase=\"1\" hasValidationErrors=\"0\" as=\"value\"><Array as=\"dataQualityGuards\"/><Array as=\"phaseTransitionGuards\"/><Object as=\"validation\"/></Object><mxGeometry relative=\"1\" as=\"geometry\"><Array as=\"points\"><mxPoint x=\"688\" y=\"150\"/><mxPoint x=\"614\" y=\"119.90234375\"/></Array></mxGeometry></mxCell><mxCell id=\"16\" parent=\"1\" source=\"5\" target=\"2\" edge=\"1\"><Object type=\"transition\" isDraft=\"0\" systemName=\"invoice-draft-awaiting-approval\" name=\"Submit\" fromPhaseSystemName=\"invoice-draft\" toPhaseSystemName=\"invoice-awaiting-approval\" transitionWaitTimeSeconds=\"0\" isOptimumPath=\"1\" isUserDriven=\"1\" closeUI=\"1\" alwaysShowPhaseChangeInformation=\"0\" reasonIsMandatory=\"0\" existsInDatabase=\"1\" hasValidationErrors=\"0\" as=\"value\"><Array as=\"dataQualityGuards\"/><Array as=\"phaseTransitionGuards\"/><Object as=\"validation\"/></Object><mxGeometry relative=\"1\" as=\"geometry\"/></mxCell><mxCell id=\"17\" edge=\"1\" parent=\"1\" source=\"5\" target=\"3\"><Object type=\"transition\" isDraft=\"1\" systemName=\"invoice-phases-draft-awaiting-payment\" name=\"Submit to Await Payment\" fromPhaseSystemName=\"invoice-draft\" toPhaseSystemName=\"invoice-awaiting-payment\" isOptimumPath=\"0\" isUserDriven=\"0\" closeUI=\"0\" alwaysShowPhaseChangeInformation=\"0\" reasonIsMandatory=\"0\" hasValidationErrors=\"0\" as=\"value\"><Array as=\"dataQualityGuards\"/><Array as=\"phaseTransitionGuards\"/><Object systemNameInput=\"0\" duplicate=\"A transition between these phases already exists - Submit to Await Payment\" as=\"validation\"/></Object><mxGeometry relative=\"1\" as=\"geometry\"/></mxCell></root></mxGraphModel>"
  },
  "Phases": [
    {
      "SystemName": "invoice-awaiting-approval",
      "PhasePlanSystemName": "invoice-phases",
      "Name": "Awaiting Approval",
      "Description": "Payment has been received and we are awaiting approval from the case owner.",
      "ShortName": "Awaiting Approval",
      "IconClass": "fa-calendar-check-o",
      "Colour": null,
      "IsStart": false,
      "IsOpen": true,
      "IsRemoved": false,
      "ExpectedDurationSeconds": 0,
      "MeaningCode": null,
      "DisplayOrder": 3000,
      "IsReportable": false,
      "IncludeInLifecycleCalculations": true
    },
    {
      "SystemName": "invoice-awaiting-payment",
      "PhasePlanSystemName": "invoice-phases",
      "Name": "Awaiting Payment",
      "Description": "Invoice has been submitted and we are awaiting payment.",
      "ShortName": "Awaiting Payment",
      "IconClass": "fa-spinner",
      "Colour": null,
      "IsStart": false,
      "IsOpen": true,
      "IsRemoved": false,
      "ExpectedDurationSeconds": 0,
      "MeaningCode": null,
      "DisplayOrder": 2000,
      "IsReportable": false,
      "IncludeInLifecycleCalculations": true
    },
    {
      "SystemName": "invoice-cancelled",
      "PhasePlanSystemName": "invoice-phases",
      "Name": "Cancelled",
      "Description": "This represents an end state for the invoice whereby the invoice has been removed.",
      "ShortName": "Cancelled",
      "IconClass": "fa-times",
      "Colour": null,
      "IsStart": false,
      "IsOpen": false,
      "IsRemoved": true,
      "ExpectedDurationSeconds": 0,
      "MeaningCode": null,
      "DisplayOrder": 7000,
      "IsReportable": false,
      "IncludeInLifecycleCalculations": true
    },
    {
      "SystemName": "invoice-draft",
      "PhasePlanSystemName": "invoice-phases",
      "Name": "Draft",
      "Description": "This represents the initial phase for new invoice.",
      "ShortName": "Draft",
      "IconClass": "fa-edit",
      "Colour": null,
      "IsStart": true,
      "IsOpen": true,
      "IsRemoved": false,
      "ExpectedDurationSeconds": 0,
      "MeaningCode": null,
      "DisplayOrder": 1000,
      "IsReportable": false,
      "IncludeInLifecycleCalculations": true
    },
    {
      "SystemName": "invoice-on-hold",
      "PhasePlanSystemName": "invoice-phases",
      "Name": "On Hold",
      "Description": "Invoice has been placed on hold.",
      "ShortName": "On Hold",
      "IconClass": "fa-hand-paper",
      "Colour": null,
      "IsStart": false,
      "IsOpen": true,
      "IsRemoved": false,
      "ExpectedDurationSeconds": 0,
      "MeaningCode": null,
      "DisplayOrder": 6000,
      "IsReportable": false,
      "IncludeInLifecycleCalculations": true
    },
    {
      "SystemName": "invoice-payment-approved",
      "PhasePlanSystemName": "invoice-phases",
      "Name": "Paid (Payment Approved)",
      "Description": "Once the payment is approved the process ends.",
      "ShortName": "Payment Approved",
      "IconClass": "fa-check-square",
      "Colour": null,
      "IsStart": false,
      "IsOpen": false,
      "IsRemoved": false,
      "ExpectedDurationSeconds": 0,
      "MeaningCode": null,
      "DisplayOrder": 4000,
      "IsReportable": false,
      "IncludeInLifecycleCalculations": true
    },
    {
      "SystemName": "invoice-phases-system-closed",
      "PhasePlanSystemName": "invoice-phases",
      "Name": "System Closed",
      "Description": "Automatically closed by system",
      "ShortName": "System Closed",
      "IconClass": "fa-folder",
      "Colour": null,
      "IsStart": false,
      "IsOpen": false,
      "IsRemoved": false,
      "ExpectedDurationSeconds": null,
      "MeaningCode": null,
      "DisplayOrder": null,
      "IsReportable": true,
      "IncludeInLifecycleCalculations": true
    }
  ],
  "PhaseTransitions": [
    {
      "SystemName": "invoice-awaiting-approval-awaiting-payment",
      "FromPhaseSystemName": "invoice-awaiting-approval",
      "ToPhaseSystemName": "invoice-awaiting-payment",
      "Name": "Approved",
      "Description": null,
      "TransitionWaitTimeSeconds": 0,
      "IsOptimumPath": true,
      "IsUserDriven": true,
      "ReasonOptionSetName": null,
      "CloseUI": true,
      "CloseUIAction": null,
      "AlwaysShowPhaseChangeInformation": false,
      "ReasonIsMandatory": false
    },
    {
      "SystemName": "invoice-awaiting-approval-on-hold",
      "FromPhaseSystemName": "invoice-awaiting-approval",
      "ToPhaseSystemName": "invoice-on-hold",
      "Name": "Rejected",
      "Description": null,
      "TransitionWaitTimeSeconds": 0,
      "IsOptimumPath": false,
      "IsUserDriven": false,
      "ReasonOptionSetName": null,
      "CloseUI": false,
      "CloseUIAction": null,
      "AlwaysShowPhaseChangeInformation": false,
      "ReasonIsMandatory": false
    },
    {
      "SystemName": "invoice-awaiting-payment-cancel",
      "FromPhaseSystemName": "invoice-awaiting-payment",
      "ToPhaseSystemName": "invoice-cancelled",
      "Name": "Cancel",
      "Description": null,
      "TransitionWaitTimeSeconds": 0,
      "IsOptimumPath": false,
      "IsUserDriven": true,
      "ReasonOptionSetName": "invoice-cancellation-reasons",
      "CloseUI": true,
      "CloseUIAction": null,
      "AlwaysShowPhaseChangeInformation": true,
      "ReasonIsMandatory": false
    },
    {
      "SystemName": "invoice-awaiting-payment-payment-approved",
      "FromPhaseSystemName": "invoice-awaiting-payment",
      "ToPhaseSystemName": "invoice-payment-approved",
      "Name": "Approved",
      "Description": null,
      "TransitionWaitTimeSeconds": 0,
      "IsOptimumPath": true,
      "IsUserDriven": false,
      "ReasonOptionSetName": null,
      "CloseUI": true,
      "CloseUIAction": null,
      "AlwaysShowPhaseChangeInformation": false,
      "ReasonIsMandatory": false
    },
    {
      "SystemName": "invoice-draft-awaiting-approval",
      "FromPhaseSystemName": "invoice-draft",
      "ToPhaseSystemName": "invoice-awaiting-approval",
      "Name": "Submit",
      "Description": null,
      "TransitionWaitTimeSeconds": 0,
      "IsOptimumPath": true,
      "IsUserDriven": true,
      "ReasonOptionSetName": null,
      "CloseUI": true,
      "CloseUIAction": null,
      "AlwaysShowPhaseChangeInformation": false,
      "ReasonIsMandatory": false
    },
    {
      "SystemName": "invoice-draft-cancelled",
      "FromPhaseSystemName": "invoice-draft",
      "ToPhaseSystemName": "invoice-cancelled",
      "Name": "Cancel",
      "Description": null,
      "TransitionWaitTimeSeconds": 0,
      "IsOptimumPath": false,
      "IsUserDriven": true,
      "ReasonOptionSetName": "invoice-cancellation-reasons",
      "CloseUI": true,
      "CloseUIAction": null,
      "AlwaysShowPhaseChangeInformation": true,
      "ReasonIsMandatory": false
    },
    {
      "SystemName": "invoice-phases-draft-awaiting-payment",
      "FromPhaseSystemName": "invoice-draft",
      "ToPhaseSystemName": "invoice-awaiting-payment",
      "Name": "Submit to Await Payment",
      "Description": null,
      "TransitionWaitTimeSeconds": null,
      "IsOptimumPath": false,
      "IsUserDriven": false,
      "ReasonOptionSetName": null,
      "CloseUI": false,
      "CloseUIAction": null,
      "AlwaysShowPhaseChangeInformation": false,
      "ReasonIsMandatory": false
    },
    {
      "SystemName": "invoice-on-hold-awaiting-payment",
      "FromPhaseSystemName": "invoice-on-hold",
      "ToPhaseSystemName": "invoice-awaiting-approval",
      "Name": "Submit",
      "Description": null,
      "TransitionWaitTimeSeconds": 0,
      "IsOptimumPath": false,
      "IsUserDriven": true,
      "ReasonOptionSetName": null,
      "CloseUI": true,
      "CloseUIAction": null,
      "AlwaysShowPhaseChangeInformation": false,
      "ReasonIsMandatory": false
    }
  ],
  "Relationships": [],
  "WorkScheduling": null,
  "OldEnabledFeatures": [],
  "FeatureFrameworkEntries": [
    {
      "SystemName": "sharedo-type-create-from-menus",
      "SharedoTypeSystemName": "invoice",
      "PhaseSystemName": null,
      "Enabled": true,
      "Configuration": null
    },
    {
      "SystemName": "ChartOfAccountsSharedoTypeFeature",
      "SharedoTypeSystemName": "invoice",
      "PhaseSystemName": null,
      "Enabled": true,
      "Configuration": "{\"restrictSegmentUsage\":false,\"restrictCodeCombinations\":false,\"excludedSegmentSystemNames\":[]}"
    },
    {
      "SystemName": "RecordWipAccountTransactionPhaseFeature",
      "SharedoTypeSystemName": "invoice",
      "PhaseSystemName": "invoice-awaiting-payment",
      "Enabled": false,
      "Configuration": null
    },
    {
      "SystemName": "RecordWipAccountTransactionPhaseFeature",
      "SharedoTypeSystemName": "invoice",
      "PhaseSystemName": "invoice-draft",
      "Enabled": true,
      "Configuration": null
    },
    {
      "SystemName": "JumpToPhaseSharedoType",
      "SharedoTypeSystemName": "invoice",
      "PhaseSystemName": null,
      "Enabled": true,
      "Configuration": null
    },
    {
      "SystemName": "RecordPostedAccountTransactionPhaseFeature",
      "SharedoTypeSystemName": "invoice",
      "PhaseSystemName": "invoice-awaiting-payment",
      "Enabled": true,
      "Configuration": null
    },
    {
      "SystemName": "SharedoTypePriority",
      "SharedoTypeSystemName": "invoice",
      "PhaseSystemName": null,
      "Enabled": true,
      "Configuration": "{\"defaultPriorityId\":9001}"
    }
  ],
  "FeatureFlagEntries": [
    {
      "FlagSystemName": "ignore-mandatory-fields",
      "SharedoTypeSystemName": "invoice",
      "PhaseSystemName": "invoice-cancelled",
      "Enabled": true,
      "Configuration": null
    },
    {
      "FlagSystemName": "chronology-invoice",
      "SharedoTypeSystemName": "invoice",
      "PhaseSystemName": "invoice-draft",
      "Enabled": true,
      "Configuration": null
    },
    {
      "FlagSystemName": "chronology-invoice",
      "SharedoTypeSystemName": "invoice",
      "PhaseSystemName": "invoice-payment-approved",
      "Enabled": true,
      "Configuration": null
    },
    {
      "FlagSystemName": "chronology-invoice",
      "SharedoTypeSystemName": "invoice",
      "PhaseSystemName": "invoice-on-hold",
      "Enabled": true,
      "Configuration": null
    },
    {
      "FlagSystemName": "chronology-invoice",
      "SharedoTypeSystemName": "invoice",
      "PhaseSystemName": "invoice-phases-system-closed",
      "Enabled": true,
      "Configuration": null
    },
    {
      "FlagSystemName": "chronology-invoice",
      "SharedoTypeSystemName": "invoice",
      "PhaseSystemName": "invoice-awaiting-payment",
      "Enabled": true,
      "Configuration": null
    },
    {
      "FlagSystemName": "chronology-invoice",
      "SharedoTypeSystemName": "invoice",
      "PhaseSystemName": "invoice-awaiting-approval",
      "Enabled": true,
      "Configuration": null
    },
    {
      "FlagSystemName": "chronology-invoice",
      "SharedoTypeSystemName": "invoice",
      "PhaseSystemName": "invoice-cancelled",
      "Enabled": true,
      "Configuration": null
    }
  ],
  "SharedoTypeRoles": [
    {
      "SharedoTypeSystemName": "invoice",
      "ParticipantRoleSystemName": "client-read-only",
      "CanHaveMultiple": true,
      "IsBillable": false,
      "IsMandatory": false,
      "IsRecommended": false,
      "IsManuallyAssignable": true,
      "IsActive": true,
      "CanBeBulkAssigned": true,
      "CanChange": true,
      "CanBeOrdered": false,
      "IncludeInReports": false,
      "ManageAsACaseTeamRole": true,
      "IsSecurityTeamRole": true,
      "IsCounterpartyRole": false,
      "RepresentedByDefaultOrg": false
    },
    {
      "SharedoTypeSystemName": "invoice",
      "ParticipantRoleSystemName": "contributor",
      "CanHaveMultiple": true,
      "IsBillable": false,
      "IsMandatory": false,
      "IsRecommended": false,
      "IsManuallyAssignable": true,
      "IsActive": true,
      "CanBeBulkAssigned": false,
      "CanChange": true,
      "CanBeOrdered": false,
      "IncludeInReports": false,
      "ManageAsACaseTeamRole": false,
      "IsSecurityTeamRole": true,
      "IsCounterpartyRole": false,
      "RepresentedByDefaultOrg": false
    },
    {
      "SharedoTypeSystemName": "invoice",
      "ParticipantRoleSystemName": "creator",
      "CanHaveMultiple": false,
      "IsBillable": false,
      "IsMandatory": false,
      "IsRecommended": false,
      "IsManuallyAssignable": false,
      "IsActive": true,
      "CanBeBulkAssigned": false,
      "CanChange": true,
      "CanBeOrdered": false,
      "IncludeInReports": true,
      "ManageAsACaseTeamRole": false,
      "IsSecurityTeamRole": true,
      "IsCounterpartyRole": false,
      "RepresentedByDefaultOrg": false
    },
    {
      "SharedoTypeSystemName": "invoice",
      "ParticipantRoleSystemName": "originator",
      "CanHaveMultiple": false,
      "IsBillable": false,
      "IsMandatory": false,
      "IsRecommended": false,
      "IsManuallyAssignable": false,
      "IsActive": true,
      "CanBeBulkAssigned": false,
      "CanChange": true,
      "CanBeOrdered": false,
      "IncludeInReports": true,
      "ManageAsACaseTeamRole": false,
      "IsSecurityTeamRole": true,
      "IsCounterpartyRole": false,
      "RepresentedByDefaultOrg": false
    },
    {
      "SharedoTypeSystemName": "invoice",
      "ParticipantRoleSystemName": "payor",
      "CanHaveMultiple": false,
      "IsBillable": false,
      "IsMandatory": true,
      "IsRecommended": false,
      "IsManuallyAssignable": true,
      "IsActive": true,
      "CanBeBulkAssigned": false,
      "CanChange": true,
      "CanBeOrdered": false,
      "IncludeInReports": false,
      "ManageAsACaseTeamRole": false,
      "IsSecurityTeamRole": false,
      "IsCounterpartyRole": false,
      "RepresentedByDefaultOrg": false
    },
    {
      "SharedoTypeSystemName": "invoice",
      "ParticipantRoleSystemName": "primary-owner",
      "CanHaveMultiple": false,
      "IsBillable": false,
      "IsMandatory": false,
      "IsRecommended": false,
      "IsManuallyAssignable": true,
      "IsActive": true,
      "CanBeBulkAssigned": true,
      "CanChange": true,
      "CanBeOrdered": false,
      "IncludeInReports": true,
      "ManageAsACaseTeamRole": false,
      "IsSecurityTeamRole": true,
      "IsCounterpartyRole": false,
      "RepresentedByDefaultOrg": false
    },
    {
      "SharedoTypeSystemName": "invoice",
      "ParticipantRoleSystemName": "reader",
      "CanHaveMultiple": true,
      "IsBillable": false,
      "IsMandatory": false,
      "IsRecommended": false,
      "IsManuallyAssignable": true,
      "IsActive": true,
      "CanBeBulkAssigned": false,
      "CanChange": true,
      "CanBeOrdered": false,
      "IncludeInReports": false,
      "ManageAsACaseTeamRole": false,
      "IsSecurityTeamRole": true,
      "IsCounterpartyRole": false,
      "RepresentedByDefaultOrg": false
    }
  ],
  "RoleAssociations": [],
  "RoleSourcingRules": [
    {
      "SharedoTypeSystemName": "invoice",
      "ParticipantRoleSystemName": "client-read-only",
      "CanSelectFromOds": true,
      "CanSelectFromSharedo": true,
      "CanSelectFromAncestors": true
    },
    {
      "SharedoTypeSystemName": "invoice",
      "ParticipantRoleSystemName": "contributor",
      "CanSelectFromOds": true,
      "CanSelectFromSharedo": true,
      "CanSelectFromAncestors": true
    },
    {
      "SharedoTypeSystemName": "invoice",
      "ParticipantRoleSystemName": "creator",
      "CanSelectFromOds": true,
      "CanSelectFromSharedo": true,
      "CanSelectFromAncestors": true
    },
    {
      "SharedoTypeSystemName": "invoice",
      "ParticipantRoleSystemName": "payor",
      "CanSelectFromOds": true,
      "CanSelectFromSharedo": false,
      "CanSelectFromAncestors": true
    },
    {
      "SharedoTypeSystemName": "invoice",
      "ParticipantRoleSystemName": "primary-owner",
      "CanSelectFromOds": true,
      "CanSelectFromSharedo": true,
      "CanSelectFromAncestors": true
    }
  ],
  "RoleSourcingAncestorRestrictions": [
    {
      "SharedoTypeSystemName": "invoice",
      "ParticipantRoleSystemName": "payor",
      "SourceSharedoTypeSystemName": "matter"
    }
  ],
  "RoleSourcingRoleRestrictions": [],
  "RoleSourcingOdsConnections": [],
  "DataQualityRules": [],
  "DataQualityBusinessRules": [],
  "Aspects": [
    {
      "SharedoTypeSystemName": "invoice",
      "InheritedFromId": null,
      "Id": "e3ab5cbc-cc9b-48e9-b61e-125305490c11",
      "AspectDefinitionSystemName": "InvoiceDetails",
      "Config": "{\"showCreatedDate\":true,\"showPaymentDueDate\":true,\"showPaymentDetails\":true,\"showInvoiceIssuedDate\":false,\"defaultPaymentTerm\":\"28\",\"defaultPaymentTermDuration\":\"days\",\"amountsInclusiveOfTax\":true,\"showTaxMessage\":false,\"invoiceTransactionTypes\":[\"feesSummary-general\"],\"allowNegative\":false,\"allowPositive\":true,\"allowZero\":false}",
      "WidgetConfig": "{\"withChrome\":false,\"title\":\"Invoice\",\"isExpanded\":true}",
      "ZoneName": "main",
      "DisplayPriority": 2,
      "UpdatePermissionSystemName": null,
      "AlwaysHide": false
    },
    {
      "SharedoTypeSystemName": "invoice",
      "InheritedFromId": null,
      "Id": "520a3824-ad90-4005-bac2-2238dd2f84a1",
      "AspectDefinitionSystemName": "TitleField",
      "Config": null,
      "WidgetConfig": "{\"withChrome\":false, \"title\":\"\", \"canExpandCollapse\":false}",
      "ZoneName": "main",
      "DisplayPriority": 5,
      "UpdatePermissionSystemName": null,
      "AlwaysHide": false
    },
    {
      "SharedoTypeSystemName": "invoice",
      "InheritedFromId": null,
      "Id": "2bb23b51-f773-47bf-b9fe-42458102d24d",
      "AspectDefinitionSystemName": "ActionPlanNav",
      "Config": null,
      "WidgetConfig": null,
      "ZoneName": "footer",
      "DisplayPriority": 0,
      "UpdatePermissionSystemName": null,
      "AlwaysHide": false
    },
    {
      "SharedoTypeSystemName": "invoice",
      "InheritedFromId": null,
      "Id": "233636c5-c3d3-4516-a6b3-5593c6330118",
      "AspectDefinitionSystemName": "InvoicePaymentItems",
      "Config": null,
      "WidgetConfig": "{\"withChrome\":false, \"isExpanded\":true}",
      "ZoneName": "main",
      "DisplayPriority": 0,
      "UpdatePermissionSystemName": null,
      "AlwaysHide": false
    },
    {
      "SharedoTypeSystemName": "invoice",
      "InheritedFromId": null,
      "Id": "ed15b46b-3ead-4c42-acda-7a98f8f7595d",
      "AspectDefinitionSystemName": "CommentNav",
      "Config": null,
      "WidgetConfig": null,
      "ZoneName": "footer",
      "DisplayPriority": 0,
      "UpdatePermissionSystemName": null,
      "AlwaysHide": false
    },
    {
      "SharedoTypeSystemName": "invoice",
      "InheritedFromId": null,
      "Id": "cf187f39-71db-4873-8101-7aa015fb0b85",
      "AspectDefinitionSystemName": "RelatedDocumentsNav",
      "Config": null,
      "WidgetConfig": null,
      "ZoneName": "footer",
      "DisplayPriority": 0,
      "UpdatePermissionSystemName": null,
      "AlwaysHide": false
    },
    {
      "SharedoTypeSystemName": "invoice",
      "InheritedFromId": null,
      "Id": "56e3f999-8a90-45bb-bf9d-ba3fceee2043",
      "AspectDefinitionSystemName": "ReferenceField",
      "Config": null,
      "WidgetConfig": "{\"withChrome\":true, \"title\":\"Invoice\", \"canExpandCollapse\":false}",
      "ZoneName": "main",
      "DisplayPriority": 10,
      "UpdatePermissionSystemName": null,
      "AlwaysHide": false
    },
    {
      "SharedoTypeSystemName": "invoice",
      "InheritedFromId": null,
      "Id": "9ce6cf94-879b-4b5c-aed2-dc7991a4cc8c",
      "AspectDefinitionSystemName": "ParticipantNav",
      "Config": null,
      "WidgetConfig": null,
      "ZoneName": "footer",
      "DisplayPriority": 0,
      "UpdatePermissionSystemName": null,
      "AlwaysHide": false
    },
    {
      "SharedoTypeSystemName": "invoice",
      "InheritedFromId": null,
      "Id": "5ca5854b-8d3c-4f50-903e-ebc72f45960f",
      "AspectDefinitionSystemName": "TimeNav",
      "Config": null,
      "WidgetConfig": null,
      "ZoneName": "footer",
      "DisplayPriority": 0,
      "UpdatePermissionSystemName": null,
      "AlwaysHide": false
    },
    {
      "SharedoTypeSystemName": "invoice",
      "InheritedFromId": null,
      "Id": "01359504-999d-4e0a-9b72-fe16a443b101",
      "AspectDefinitionSystemName": "RibbonBar2",
      "Config": null,
      "WidgetConfig": null,
      "ZoneName": "header",
      "DisplayPriority": 0,
      "UpdatePermissionSystemName": null,
      "AlwaysHide": false
    }
  ],
  "AspectStripingRules": null,
  "AspectStripingRuleSelections": [],
  "SharedoTypeRolePermissions": [
    {
      "SharedoTypeSystemName": "invoice",
      "PermissionSystemName": "core.sharedo.participant.read",
      "ParticipantRoleSystemName": "client-read-only",
      "PhaseSystemName": null,
      "UserOnly": false,
      "Id": "28369be9-15f1-4f56-92dc-2e49d11b5e51"
    },
    {
      "SharedoTypeSystemName": "invoice",
      "PermissionSystemName": "core.sharedo.audit",
      "ParticipantRoleSystemName": "client-read-only",
      "PhaseSystemName": null,
      "UserOnly": false,
      "Id": "84faa999-2fcb-4b37-945b-ee45cd436d0e"
    },
    {
      "SharedoTypeSystemName": "invoice",
      "PermissionSystemName": "core.read",
      "ParticipantRoleSystemName": "client-read-only",
      "PhaseSystemName": null,
      "UserOnly": false,
      "Id": "2d9bf1e8-c954-413b-90bd-fbc461018183"
    },
    {
      "SharedoTypeSystemName": "invoice",
      "PermissionSystemName": "core.read",
      "ParticipantRoleSystemName": "contributor",
      "PhaseSystemName": null,
      "UserOnly": false,
      "Id": "e5dc07a1-d3f1-47a5-b0cc-1e0f090472e5"
    },
    {
      "SharedoTypeSystemName": "invoice",
      "PermissionSystemName": "core.sharedo.progress.milestone",
      "ParticipantRoleSystemName": "contributor",
      "PhaseSystemName": null,
      "UserOnly": false,
      "Id": "32e3561f-b537-4bc7-97b1-42634d1bbde0"
    },
    {
      "SharedoTypeSystemName": "invoice",
      "PermissionSystemName": "core.sharedo.update",
      "ParticipantRoleSystemName": "contributor",
      "PhaseSystemName": null,
      "UserOnly": false,
      "Id": "c8b79624-b08b-455f-bd9f-7244a06e0eb8"
    },
    {
      "SharedoTypeSystemName": "invoice",
      "PermissionSystemName": "core.sharedo.participant.assign",
      "ParticipantRoleSystemName": "contributor",
      "PhaseSystemName": null,
      "UserOnly": false,
      "Id": "3b01c457-7f70-4b07-a1fa-833cec827f65"
    },
    {
      "SharedoTypeSystemName": "invoice",
      "PermissionSystemName": "core.sharedo.participant.read",
      "ParticipantRoleSystemName": "contributor",
      "PhaseSystemName": null,
      "UserOnly": false,
      "Id": "5471669b-8dd2-4fbf-9628-fe3407160855"
    },
    {
      "SharedoTypeSystemName": "invoice",
      "PermissionSystemName": "core.read",
      "ParticipantRoleSystemName": "creator",
      "PhaseSystemName": null,
      "UserOnly": false,
      "Id": "04502c77-1812-42a7-ba4a-00a5d400ed94"
    },
    {
      "SharedoTypeSystemName": "invoice",
      "PermissionSystemName": "core.sharedo.progress.milestone",
      "ParticipantRoleSystemName": "creator",
      "PhaseSystemName": null,
      "UserOnly": false,
      "Id": "e4595886-9267-4f18-8595-06912867ab95"
    },
    {
      "SharedoTypeSystemName": "invoice",
      "PermissionSystemName": "core.sharedo.create.invoice",
      "ParticipantRoleSystemName": "creator",
      "PhaseSystemName": null,
      "UserOnly": false,
      "Id": "28a5ad9a-35c7-47ec-a762-1ced3117da57"
    },
    {
      "SharedoTypeSystemName": "invoice",
      "PermissionSystemName": "core.sharedo.participant.read",
      "ParticipantRoleSystemName": "creator",
      "PhaseSystemName": null,
      "UserOnly": false,
      "Id": "a9baaab9-9efe-4ae4-94d5-3c5cf1d681c9"
    },
    {
      "SharedoTypeSystemName": "invoice",
      "PermissionSystemName": "core.sharedo.update",
      "ParticipantRoleSystemName": "creator",
      "PhaseSystemName": null,
      "UserOnly": false,
      "Id": "092d104b-ce6d-4cae-bc7e-9ce5fbb61d66"
    },
    {
      "SharedoTypeSystemName": "invoice",
      "PermissionSystemName": "core.sharedo.participant.assign",
      "ParticipantRoleSystemName": "creator",
      "PhaseSystemName": null,
      "UserOnly": false,
      "Id": "c5f95452-e8fd-49d8-9856-df6ee2beeef3"
    },
    {
      "SharedoTypeSystemName": "invoice",
      "PermissionSystemName": "core.read",
      "ParticipantRoleSystemName": "originator",
      "PhaseSystemName": null,
      "UserOnly": false,
      "Id": "e7cc5bcd-01c7-41f3-bd4d-0c152cef8b47"
    },
    {
      "SharedoTypeSystemName": "invoice",
      "PermissionSystemName": "core.sharedo.progress.milestone",
      "ParticipantRoleSystemName": "owner",
      "PhaseSystemName": null,
      "UserOnly": false,
      "Id": "8b2ecb53-b1b7-477a-a5f6-ddf3853339de"
    },
    {
      "SharedoTypeSystemName": "invoice",
      "PermissionSystemName": "core.sharedo.update",
      "ParticipantRoleSystemName": "owner",
      "PhaseSystemName": null,
      "UserOnly": false,
      "Id": "54714f32-e642-4c67-bc04-e95d12ff5db8"
    },
    {
      "SharedoTypeSystemName": "invoice",
      "PermissionSystemName": "core.sharedo.participant.assign",
      "ParticipantRoleSystemName": "primary-owner",
      "PhaseSystemName": null,
      "UserOnly": false,
      "Id": "b0fefde2-1a2e-47a5-a36f-0097fa53501e"
    },
    {
      "SharedoTypeSystemName": "invoice",
      "PermissionSystemName": "core.sharedo.progress.milestone",
      "ParticipantRoleSystemName": "primary-owner",
      "PhaseSystemName": null,
      "UserOnly": false,
      "Id": "0ef28faa-1c8f-413f-9296-12c37d126cb7"
    },
    {
      "SharedoTypeSystemName": "invoice",
      "PermissionSystemName": "core.sharedo.create.invoice",
      "ParticipantRoleSystemName": "primary-owner",
      "PhaseSystemName": null,
      "UserOnly": false,
      "Id": "5d1b8192-8ed7-45b8-a024-2c46e56171a7"
    },
    {
      "SharedoTypeSystemName": "invoice",
      "PermissionSystemName": "core.sharedo.participant.read",
      "ParticipantRoleSystemName": "primary-owner",
      "PhaseSystemName": null,
      "UserOnly": false,
      "Id": "8680f928-61a1-4c5e-8675-8ffb7985ce39"
    },
    {
      "SharedoTypeSystemName": "invoice",
      "PermissionSystemName": "core.sharedo.update",
      "ParticipantRoleSystemName": "primary-owner",
      "PhaseSystemName": null,
      "UserOnly": false,
      "Id": "126de725-a926-4783-805f-96baa1086d0f"
    },
    {
      "SharedoTypeSystemName": "invoice",
      "PermissionSystemName": "core.read",
      "ParticipantRoleSystemName": "primary-owner",
      "PhaseSystemName": null,
      "UserOnly": false,
      "Id": "51e92fee-d016-4d0f-915b-e36d9d36bee6"
    },
    {
      "SharedoTypeSystemName": "invoice",
      "PermissionSystemName": "core.read",
      "ParticipantRoleSystemName": "reader",
      "PhaseSystemName": null,
      "UserOnly": false,
      "Id": "93ba20be-bb21-4d6f-9378-3f370f41ca2c"
    }
  ],
  "SyncRules": [
    {
      "Id": "516f987f-af2b-458e-8cb4-124f57dad17a",
      "SourceSharedoTypeSystemName": "matter",
      "SourceRoleSystemName": "contributor",
      "TargetSharedoTypeSystemName": "invoice",
      "TargetRoleSystemName": "contributor",
      "Enabled": true,
      "IsSystem": false,
      "Synchronous": false,
      "SharedoCreateEnabled": true,
      "SharedoCreateRuleTypeId": 82000001,
      "SharedoCreateRecommended": false,
      "SharedoCreateRequired": false,
      "SharedoCreateCanChangeTargetRole": false,
      "SharedoCreateUseRelated": false,
      "ParticipantCreateEnabled": true,
      "ParticipantCreateRuleTypeId": 82000001,
      "ParticipantCreateRecommended": false,
      "ParticipantCreateRequired": false,
      "ParticipantCreateCanChangeTargetRole": false
    },
    {
      "Id": "b59cc2dc-f569-480c-9f29-1724afcdb198",
      "SourceSharedoTypeSystemName": "matter",
      "SourceRoleSystemName": "client-read-only",
      "TargetSharedoTypeSystemName": "invoice",
      "TargetRoleSystemName": "client-read-only",
      "Enabled": true,
      "IsSystem": false,
      "Synchronous": false,
      "SharedoCreateEnabled": true,
      "SharedoCreateRuleTypeId": 82000001,
      "SharedoCreateRecommended": false,
      "SharedoCreateRequired": false,
      "SharedoCreateCanChangeTargetRole": false,
      "SharedoCreateUseRelated": false,
      "ParticipantCreateEnabled": true,
      "ParticipantCreateRuleTypeId": 82000001,
      "ParticipantCreateRecommended": false,
      "ParticipantCreateRequired": false,
      "ParticipantCreateCanChangeTargetRole": false
    },
    {
      "Id": "1d9fe9dc-d067-4793-9386-209341575415",
      "SourceSharedoTypeSystemName": "matter",
      "SourceRoleSystemName": "reader",
      "TargetSharedoTypeSystemName": "invoice",
      "TargetRoleSystemName": "reader",
      "Enabled": true,
      "IsSystem": false,
      "Synchronous": false,
      "SharedoCreateEnabled": true,
      "SharedoCreateRuleTypeId": 82000001,
      "SharedoCreateRecommended": false,
      "SharedoCreateRequired": false,
      "SharedoCreateCanChangeTargetRole": false,
      "SharedoCreateUseRelated": false,
      "ParticipantCreateEnabled": true,
      "ParticipantCreateRuleTypeId": 82000001,
      "ParticipantCreateRecommended": false,
      "ParticipantCreateRequired": false,
      "ParticipantCreateCanChangeTargetRole": false
    },
    {
      "Id": "4db4e409-f901-4222-b363-aa2d583a3e6a",
      "SourceSharedoTypeSystemName": "invoice",
      "SourceRoleSystemName": "reader",
      "TargetSharedoTypeSystemName": "task",
      "TargetRoleSystemName": "reader",
      "Enabled": true,
      "IsSystem": false,
      "Synchronous": true,
      "SharedoCreateEnabled": true,
      "SharedoCreateRuleTypeId": 82000001,
      "SharedoCreateRecommended": false,
      "SharedoCreateRequired": false,
      "SharedoCreateCanChangeTargetRole": false,
      "SharedoCreateUseRelated": false,
      "ParticipantCreateEnabled": true,
      "ParticipantCreateRuleTypeId": 82000001,
      "ParticipantCreateRecommended": false,
      "ParticipantCreateRequired": false,
      "ParticipantCreateCanChangeTargetRole": false
    },
    {
      "Id": "2e619076-d82a-441b-a27a-b2b7e3404bd8",
      "SourceSharedoTypeSystemName": "invoice",
      "SourceRoleSystemName": "contributor",
      "TargetSharedoTypeSystemName": "task",
      "TargetRoleSystemName": "contributor",
      "Enabled": true,
      "IsSystem": false,
      "Synchronous": true,
      "SharedoCreateEnabled": true,
      "SharedoCreateRuleTypeId": 82000001,
      "SharedoCreateRecommended": false,
      "SharedoCreateRequired": false,
      "SharedoCreateCanChangeTargetRole": false,
      "SharedoCreateUseRelated": false,
      "ParticipantCreateEnabled": true,
      "ParticipantCreateRuleTypeId": 82000001,
      "ParticipantCreateRecommended": false,
      "ParticipantCreateRequired": false,
      "ParticipantCreateCanChangeTargetRole": false
    }
  ],
  "TitleGenerator": {
    "SystemName": "invoice",
    "Mode": "generator",
    "GeneratorSystemName": "core-configurable-title",
    "GeneratorConfig": "{\"formatMask\":\"{parenttitle} : {term} {name}\",\"loadParent\":{\"typePath\":\"/matter/\",\"emptyIfNotFound\":true},\"loadRole\":{\"role\":\"payor\",\"emptyIfNotFound\":false,\"alternateText\":\"(No payor)\",\"trimToCharacters\":null},\"loadTerm\":{\"systemName\":\"invoice\",\"alternateText\":\"Invoice\"}}",
    "UserEditable": false
  },
  "ReferenceGenerator": {
    "SystemName": "invoice",
    "Mode": "generator",
    "GeneratorSystemName": "core-configurable-reference",
    "GeneratorConfig": "{\"formatMask\":\"{shortname}.{sequence}\",\"loadSharedoType\":{\"defaultShortNameIfNotSet\":null},\"useSequence\":{\"zeroPadToMinimumCharacters\":6}}",
    "UserEditable": false,
    "UserEditableMustBeUnique": false,
    "UserEditableMustBeUniqueWithinTypes": null,
    "UserEditableMask": null,
    "AutoCompleteProvider": null,
    "AutoCompleteProviderConfig": null
  },
  "TypeScopeBindings": [],
  "RoleScopeBindings": [],
  "Menus": [],
  "MenuItems": [],
  "MenuItemBusinessRules": [],
  "UiOperations": [],
  "Breadcrumbs": [],
  "CalculatedFields": [],
  "PhaseTransitionGuards": [],
  "KeyDateAssociations": [
    {
      "OwningType": "invoice",
      "KeyDateType": "invoice-payment-due",
      "IsMandatory": true,
      "AllowMultiple": false,
      "AllowDetails": false,
      "AlwaysOnForm": true,
      "DateOnly": false,
      "DisplayCategoryId": "e4d2d4a6-9edb-43ca-b204-55af0f1f484b",
      "DisplayOrder": 9010,
      "UiConfig": null,
      "ParticipantRoleSystemName": null,
      "LinkedPhaseSystemName": null,
      "LinkedPhaseLinkType": null
    }
  ],
  "KeyDateAssociationCategories": [
    {
      "Id": "e4d2d4a6-9edb-43ca-b204-55af0f1f484b",
      "Name": null,
      "DisplayOrder": 1000
    }
  ],
  "KeyDateAssociationDisplayRules": [],
  "RoleMenus": [
    {
      "MenuId": "43a4ddb7-241d-4ddd-82f1-9a6cf6fde14b",
      "SharedoTypeSystemName": "invoice",
      "ParticipantRoleSystemName": "payor"
    },
    {
      "MenuId": "43a4ddb7-241d-4ddd-82f1-9a6cf6fde14b",
      "SharedoTypeSystemName": "invoice",
      "ParticipantRoleSystemName": "client-read-only"
    },
    {
      "MenuId": "43a4ddb7-241d-4ddd-82f1-9a6cf6fde14b",
      "SharedoTypeSystemName": "invoice",
      "ParticipantRoleSystemName": "contributor"
    },
    {
      "MenuId": "43a4ddb7-241d-4ddd-82f1-9a6cf6fde14b",
      "SharedoTypeSystemName": "invoice",
      "ParticipantRoleSystemName": "primary-owner"
    }
  ],
  "DynamicMenus": {
    "MenuContexts": [
      {
        "SystemName": "list-item-context",
        "Description": "A menu on an item in a list"
      }
    ],
    "Menus": [
      {
        "Id": "43a4ddb7-241d-4ddd-82f1-9a6cf6fde14b",
        "MenuContextSystemName": "list-item-context",
        "Description": "Context menu for a participant record"
      }
    ],
    "MenuOptions": [
      {
        "Id": "25014ac7-6c0c-4184-b239-02c329b5a222",
        "MenuId": "43a4ddb7-241d-4ddd-82f1-9a6cf6fde14b",
        "Type": "category",
        "Title": "Anti-Money Laundering",
        "IconClass": null,
        "DisplayOrder": 1600,
        "PermissionSystemName": null,
        "CommandSystemName": null,
        "ProviderSystemName": null,
        "ParentId": null,
        "BadgeJsInclude": null,
        "BadgeJsFunction": null,
        "BadgeIconClass": null,
        "BadgeListViewSystemName": null
      },
      {
        "Id": "ec45fc08-f2b4-4c62-9cc6-06ce8d0fb77e",
        "MenuId": "43a4ddb7-241d-4ddd-82f1-9a6cf6fde14b",
        "Type": "category",
        "Title": "Favourite Templates",
        "IconClass": null,
        "DisplayOrder": 1400,
        "PermissionSystemName": null,
        "CommandSystemName": null,
        "ProviderSystemName": null,
        "ParentId": null,
        "BadgeJsInclude": null,
        "BadgeJsFunction": null,
        "BadgeIconClass": null,
        "BadgeListViewSystemName": null
      },
      {
        "Id": "0cca8fe4-8dc3-4eb8-8666-4ecd3dd4f9d6",
        "MenuId": "43a4ddb7-241d-4ddd-82f1-9a6cf6fde14b",
        "Type": "category",
        "Title": "Activities",
        "IconClass": null,
        "DisplayOrder": 1300,
        "PermissionSystemName": null,
        "CommandSystemName": null,
        "ProviderSystemName": null,
        "ParentId": null,
        "BadgeJsInclude": null,
        "BadgeJsFunction": null,
        "BadgeIconClass": null,
        "BadgeListViewSystemName": null
      },
      {
        "Id": "14466fdf-8723-452a-a457-7de5724229b2",
        "MenuId": "43a4ddb7-241d-4ddd-82f1-9a6cf6fde14b",
        "Type": "provider",
        "Title": "AML actions provider",
        "IconClass": null,
        "DisplayOrder": 1700,
        "PermissionSystemName": null,
        "CommandSystemName": null,
        "ProviderSystemName": "aml-participant-search-menu-provider",
        "ParentId": "25014ac7-6c0c-4184-b239-02c329b5a222",
        "BadgeJsInclude": null,
        "BadgeJsFunction": null,
        "BadgeIconClass": null,
        "BadgeListViewSystemName": null
      },
      {
        "Id": "d8f78e0a-2e8d-4c3c-b2cf-8d11cdf757e5",
        "MenuId": "43a4ddb7-241d-4ddd-82f1-9a6cf6fde14b",
        "Type": "provider",
        "Title": "Favourite Templates",
        "IconClass": null,
        "DisplayOrder": 1400,
        "PermissionSystemName": null,
        "CommandSystemName": null,
        "ProviderSystemName": "participant-favourite-templates-provider",
        "ParentId": "ec45fc08-f2b4-4c62-9cc6-06ce8d0fb77e",
        "BadgeJsInclude": null,
        "BadgeJsFunction": null,
        "BadgeIconClass": null,
        "BadgeListViewSystemName": null
      },
      {
        "Id": "ebdeb37b-e028-404d-b32b-9fd168fa50e0",
        "MenuId": "43a4ddb7-241d-4ddd-82f1-9a6cf6fde14b",
        "Type": "category",
        "Title": "Searches",
        "IconClass": null,
        "DisplayOrder": 1500,
        "PermissionSystemName": null,
        "CommandSystemName": null,
        "ProviderSystemName": null,
        "ParentId": null,
        "BadgeJsInclude": null,
        "BadgeJsFunction": null,
        "BadgeIconClass": null,
        "BadgeListViewSystemName": null
      },
      {
        "Id": "3d81473a-18db-405a-95ef-a7d1d9ad4101",
        "MenuId": "43a4ddb7-241d-4ddd-82f1-9a6cf6fde14b",
        "Type": "provider",
        "Title": "Task Activity Menu Provider",
        "IconClass": null,
        "DisplayOrder": 1350,
        "PermissionSystemName": null,
        "CommandSystemName": null,
        "ProviderSystemName": "participant-activities-menu-provider",
        "ParentId": "0cca8fe4-8dc3-4eb8-8666-4ecd3dd4f9d6",
        "BadgeJsInclude": null,
        "BadgeJsFunction": null,
        "BadgeIconClass": null,
        "BadgeListViewSystemName": null
      },
      {
        "Id": "c8667d99-0345-479f-9f44-c2deeaeb4f7a",
        "MenuId": "43a4ddb7-241d-4ddd-82f1-9a6cf6fde14b",
        "Type": "provider",
        "Title": "Participant Actions Menu Provider",
        "IconClass": null,
        "DisplayOrder": 1200,
        "PermissionSystemName": null,
        "CommandSystemName": null,
        "ProviderSystemName": "participant-actions-menu-provider",
        "ParentId": "7021be46-9967-4634-bc2a-c783319df07b",
        "BadgeJsInclude": null,
        "BadgeJsFunction": null,
        "BadgeIconClass": null,
        "BadgeListViewSystemName": null
      },
      {
        "Id": "7021be46-9967-4634-bc2a-c783319df07b",
        "MenuId": "43a4ddb7-241d-4ddd-82f1-9a6cf6fde14b",
        "Type": "category",
        "Title": "Actions",
        "IconClass": null,
        "DisplayOrder": 1100,
        "PermissionSystemName": null,
        "CommandSystemName": null,
        "ProviderSystemName": null,
        "ParentId": null,
        "BadgeJsInclude": null,
        "BadgeJsFunction": null,
        "BadgeIconClass": null,
        "BadgeListViewSystemName": null
      },
      {
        "Id": "fe03668c-dda6-4acd-b9e9-e450beb3d0ac",
        "MenuId": "43a4ddb7-241d-4ddd-82f1-9a6cf6fde14b",
        "Type": "provider",
        "Title": "Search actions provider",
        "IconClass": null,
        "DisplayOrder": 1600,
        "PermissionSystemName": null,
        "CommandSystemName": null,
        "ProviderSystemName": "participant-search-menu-provider",
        "ParentId": "ebdeb37b-e028-404d-b32b-9fd168fa50e0",
        "BadgeJsInclude": null,
        "BadgeJsFunction": null,
        "BadgeIconClass": null,
        "BadgeListViewSystemName": null
      }
    ]
  },
  "ConventionalPermissions": [
    {
      "SystemName": "core.sharedo.create.invoice",
      "Name": "Sharedo - Create - Invoice",
      "Description": "Can create a new Invoice",
      "SystemPermission": true,
      "ResourcePermission": false,
      "PermissionTypeSystemName": "sharedo",
      "IsCustom": false
    }
  ]
}